Total_Experience,Relevant_Experience,Distance_Between_Birthplace_and_Home,Last_Drawn_Compensation,r2,mse
1937.610060479655,3798.321596951203,2584.7407381675534,356868.2579006303,0.37269349350392444,207698528387.30664
